id,budget,genres,homepage,imdb_id,original_language,original_title,overview,popularity,poster_path,production_companies,production_countries,release_date,runtime,spoken_languages,status,tagline,title
76341,150000000,"['Action', 'Adventure', 'Science Fiction']",https://www.warnerbros.com/movies/mad-max-fury-road,tt1392190,en,Mad Max: Fury Road,"An apocalyptic story set in the furthest reaches of our planet, in a stark desert landscape where humanity is broken, and most everyone is crazed fighting for the necessities of life. Within this world exist two rebels on the run who just might be able to restore order.",362.449,/hA2ple9q4qnwxp3hKVNhroipsir.jpg,"['Warner Bros. Pictures', 'Village Roadshow Pictures', 'Kennedy Miller Mitchell', 'Kennedy Miller Productions']","['Australia', 'United States of America']",2015-05-13,121,"[{'english_name': 'English', 'iso_639_1': 'en', 'name': 'English'}]",Released,The future belongs to the mad.,Mad Max: Fury Road
603,63000000,"['Action', 'Science Fiction']",http://www.warnerbros.com/matrix,tt0133093,en,The Matrix,"Set in the 22nd century, The Matrix tells the story of a computer hacker who joins a group of underground insurgents fighting the vast and powerful computers who now rule the earth.",410.901,/f89U3ADr1oiB1s9GkdPOEpXUk5H.jpg,"['Village Roadshow Pictures', 'Groucho II Film Partnership', 'Silver Pictures', 'Warner Bros. Pictures']",['United States of America'],1999-03-31,136,"[{'english_name': 'English', 'iso_639_1': 'en', 'name': 'English'}]",Released,Believe the unbelievable.,The Matrix
348,11000000,"['Horror', 'Science Fiction']",https://www.20thcenturystudios.com/movies/alien,tt0078748,en,Alien,"During its return to the earth, commercial spaceship Nostromo intercepts a distress signal from a distant planet. When a three-member team of the crew discovers a chamber containing thousands of eggs on the planet, a creature inside one of the eggs attacks an explorer. The entire crew is unaware of the impending nightmare set to descend upon them when the alien parasite planted inside its unfortunate host is birthed.",443.285,/vfrQk5IPloGg1v9Rzbh2Eg3VGyM.jpg,"['20th Century Fox', 'Brandywine Productions']","['United States of America', 'United Kingdom']",1979-05-25,117,"[{'english_name': 'English', 'iso_639_1': 'en', 'name': 'English'}, {'english_name': 'Spanish', 'iso_639_1': 'es', 'name': 'Español'}]",Released,"In space, no one can hear you scream.",Alien
263115,97000000,"['Action', 'Drama', 'Science Fiction']",https://www.20thcenturystudios.com/movies/logan,tt3315342,en,Logan,"In the near future, a weary Logan cares for an ailing Professor X in a hideout on the Mexican border. But Logan's attempts to hide from the world and his legacy are upended when a young mutant arrives, pursued by dark forces.",406.539,/fnbjcRDYn6YviCcePDnGdyAkYsB.jpg,"['Hutch Parker Entertainment', ""The Donners' Company"", 'Genre Films', '20th Century Fox', 'Marvel Entertainment', 'TSG Entertainment']",['United States of America'],2017-02-28,137,"[{'english_name': 'English', 'iso_639_1': 'en', 'name': 'English'}, {'english_name': 'Spanish', 'iso_639_1': 'es', 'name': 'Español'}]",Released,His time has come.,Logan
299537,152000000,"['Action', 'Adventure', 'Science Fiction']",https://www.marvel.com/movies/captain-marvel,tt4154664,en,Captain Marvel,"The story follows Carol Danvers as she becomes one of the universe’s most powerful heroes when Earth is caught in the middle of a galactic war between two alien races. Set in the 1990s, Captain Marvel is an all-new adventure from a previously unseen period in the history of the Marvel Cinematic Universe.",402.211,/AtsgWhDnHTq68L0lLsUrCnM7TjG.jpg,['Marvel Studios'],['United States of America'],2019-03-06,124,"[{'english_name': 'English', 'iso_639_1': 'en', 'name': 'English'}]",Released,Higher. Further. Faster.,Captain Marvel
475557,55000000,"['Crime', 'Thriller', 'Drama']",http://www.jokermovie.net/,tt7286456,en,Joker,"During the 1980s, a failed stand-up comedian is driven insane and turns to a life of crime and chaos in Gotham City while becoming an infamous psychopathic crime figure.",419.233,/udDclJoHjfjb8Ekgsd4FDteOkCU.jpg,"['Warner Bros. Pictures', 'Joint Effort', 'Village Roadshow Pictures', 'Bron Studios', 'DC Films']","['Canada', 'United States of America']",2019-10-01,122,"[{'english_name': 'English', 'iso_639_1': 'en', 'name': 'English'}]",Released,Put on a happy face.,Joker
62,12000000,"['Science Fiction', 'Mystery', 'Adventure']",http://2001spaceodysseymovie.com,tt0062622,en,2001: A Space Odyssey,"Humanity finds a mysterious object buried beneath the lunar surface and sets off to find its origins with the help of HAL 9000, the world's most advanced super computer.",383.111,/ve72VxNqjGM69Uky4WTo2bK6rfq.jpg,"['Stanley Kubrick Productions', 'Metro-Goldwyn-Mayer']","['United Kingdom', 'United States of America']",1968-04-02,149,"[{'english_name': 'English', 'iso_639_1': 'en', 'name': 'English'}, {'english_name': 'Russian', 'iso_639_1': 'ru', 'name': 'Pусский'}]",Released,The ultimate trip.,2001: A Space Odyssey
335983,116000000,"['Science Fiction', 'Action']",https://www.sonypictures.com/movies/venom,tt1270797,en,Venom,"Investigative journalist Eddie Brock attempts a comeback following a scandal, but accidentally becomes the host of Venom, a violent, super powerful alien symbiote. Soon, he must rely on his newfound powers to protect the world from a shadowy organization looking for a symbiote of their own.",472.388,/2uNW4WbgBXL25BAbXGLnLqX71Sw.jpg,"['Matt Tolmach Productions', 'Pascal Pictures', 'Marvel Entertainment', 'Tencent Pictures', 'Arad Productions', 'Columbia Pictures']","['China', 'United States of America']",2018-09-28,112,"[{'english_name': 'Mandarin', 'iso_639_1': 'zh', 'name': '普通话'}, {'english_name': 'English', 'iso_639_1': 'en', 'name': 'English'}, {'english_name': 'Malay', 'iso_639_1': 'ms', 'name': 'Bahasa melayu'}]",Released,The world has enough Superheroes.,Venom
141,4500000,"['Fantasy', 'Drama', 'Mystery']",,tt0246578,en,Donnie Darko,"After narrowly escaping a bizarre accident, a troubled teenager is plagued by visions of a large bunny rabbit that manipulates him to commit a series of crimes.",381.959,/fhQoQfejY1hUcwyuLgpBrYs6uFt.jpg,"['Flower Films', 'Gaylord Films', 'Adam Fields Productions', 'Pandora Cinema']",['United States of America'],2001-01-19,114,"[{'english_name': 'English', 'iso_639_1': 'en', 'name': 'English'}]",Released,YOU CAN NEVER GO TOO FAR.,Donnie Darko
284052,180000000,"['Action', 'Adventure', 'Fantasy']",http://marvel.com/doctorstrange,tt1211837,en,Doctor Strange,"After his career is destroyed, a brilliant but arrogant surgeon gets a new lease on life when a sorcerer takes him under her wing and trains him to defend the world against evil.",354.23,/7WfK17BXE6szXlm4WOxfswgbdsL.jpg,['Marvel Studios'],['United States of America'],2016-10-25,115,"[{'english_name': 'English', 'iso_639_1': 'en', 'name': 'English'}]",Released,The impossibilities are endless.,Doctor Strange
339846,69000000,"['Comedy', 'Action', 'Crime']",,tt1469304,en,Baywatch,"Devoted lifeguard Mitch Buchannon butts heads with a brash new recruit. Together, they uncover a local criminal plot that threatens the future of the Bay.",359.229,/6HE4xd8zloDqmjMZuhUCCw2UcY1.jpg,"['Uncharted', 'Paramount', 'Flynn Picture Company', 'Fremantle Productions', 'Seven Bucks Productions', 'Skydance Media', 'The Montecito Picture Company']",['United States of America'],2017-05-25,116,"[{'english_name': 'English', 'iso_639_1': 'en', 'name': 'English'}]",Released,"Don't worry, summer is coming",Baywatch
381288,9000000,"['Horror', 'Thriller']",http://www.splitmovie.com/,tt4972582,en,Split,"Though Kevin has evidenced 23 personalities to his trusted psychiatrist, Dr. Fletcher, there remains one still submerged who is set to materialize and dominate all the others. Compelled to abduct three teenage girls led by the willful, observant Casey, Kevin reaches a war for survival among all of those contained within him — as well as everyone around him — as the walls between his compartments shatter apart.",364.699,/lli31lYTFpvxVBeFHWoe5PMfW5s.jpg,"['Universal Pictures', 'Blinding Edge Pictures', 'Blumhouse Productions']",['United States of America'],2017-01-19,117,"[{'english_name': 'English', 'iso_639_1': 'en', 'name': 'English'}]",Released,Kevin has 23 distinct personalities. The 24th is about to be unleashed.,Split
490132,23000000,"['Drama', 'History']",http://GreenBookFilm.com,tt6966692,en,Green Book,"Tony Lip, a bouncer in 1962, is hired to drive pianist Don Shirley on a tour through the Deep South in the days when African Americans, forced to find alternate accommodations and services due to segregation laws below the Mason-Dixon Line, relied on a guide called The Negro Motorist Green Book.",372.343,/7BsvSuDQuoqhWmU2fL7W2GOcZHU.jpg,"['Participant', 'DreamWorks Pictures', 'Cinetic Media', 'Innisfree Pictures', 'Amblin Partners', 'Mandate International']",['United States of America'],2018-11-16,130,"[{'english_name': 'English', 'iso_639_1': 'en', 'name': 'English'}, {'english_name': 'Italian', 'iso_639_1': 'it', 'name': 'Italiano'}, {'english_name': 'Russian', 'iso_639_1': 'ru', 'name': 'Pусский'}]",Released,Inspired by a True Friendship,Green Book
320288,200000000,"['Science Fiction', 'Action', 'Adventure']",https://www.20thcenturystudios.com/movies/dark-phoenix,tt6565702,en,Dark Phoenix,"The X-Men face their most formidable and powerful foe when one of their own, Jean Grey, starts to spiral out of control. During a rescue mission in outer space, Jean is nearly killed when she's hit by a mysterious cosmic force. Once she returns home, this force not only makes her infinitely more powerful, but far more unstable. The X-Men must now band together to save her soul and battle aliens that want to use Grey's new abilities to rule the galaxy.",362.413,/cCTJPelKGLhALq3r51A9uMonxKj.jpg,"['Genre Films', 'Hutch Parker Entertainment', '20th Century Fox', 'TSG Entertainment', 'Marvel Entertainment']",['United States of America'],2019-06-05,114,"[{'english_name': 'English', 'iso_639_1': 'en', 'name': 'English'}, {'english_name': 'Portuguese', 'iso_639_1': 'pt', 'name': 'Português'}, {'english_name': 'Russian', 'iso_639_1': 'ru', 'name': 'Pусский'}]",Released,A Phoenix will rise. The X-Men will fall.,Dark Phoenix
424139,10000000,"['Horror', 'Thriller']",https://www.halloweenmovie.com,tt1502407,en,Halloween,"Laurie Strode comes to her final confrontation with Michael Myers, the masked figure who has haunted her since she narrowly escaped his killing spree on Halloween night four decades ago.",323.004,/f7JAX5EGk4GgsEnus6OxyzwpFp7.jpg,"['Universal Pictures', 'Blumhouse Productions', 'Trancas International Films', 'Rough House Pictures', 'Miramax']",['United States of America'],2018-10-18,106,"[{'english_name': 'English', 'iso_639_1': 'en', 'name': 'English'}]",Released,Face Your Fate.,Halloween
111,25000000,"['Action', 'Crime', 'Drama']",,tt0086250,en,Scarface,"After getting a green card in exchange for assassinating a Cuban government official, Tony Montana stakes a claim on the drug trade in Miami. Viciously murdering anyone who stands in his way, Tony eventually becomes the biggest drug lord in the state, controlling nearly all the cocaine that comes through Miami. But increased pressure from the police, wars with Colombian drug cartels and his own drug-fueled paranoia serve to fuel the flames of his eventual downfall.",297.601,/iQ5ztdjvteGeboxtmRdXEChJOHh.jpg,"['Universal Pictures', 'Martin Bregman Productions']",['United States of America'],1983-12-09,169,"[{'english_name': 'English', 'iso_639_1': 'en', 'name': 'English'}, {'english_name': 'Spanish', 'iso_639_1': 'es', 'name': 'Español'}]",Released,He loved the American Dream. With a vengeance.,Scarface
807,33000000,"['Crime', 'Mystery', 'Thriller']",http://www.sevenmovie.com/,tt0114369,en,Se7en,"Two homicide detectives are on a desperate hunt for a serial killer whose crimes are based on the ""seven deadly sins"" in this dark and haunting film that takes viewers from the tortured remains of one victim to the next. The seasoned Det. Sommerset researches each sin in an effort to get inside the killer's mind, while his novice partner, Mills, scoffs at his efforts to unravel the case.",302.341,/6yoghtyTpznpBik8EngEmJskVUO.jpg,"['New Line Cinema', 'Juno Pix', 'Cecchi Gori Pictures']",['United States of America'],1995-09-22,127,"[{'english_name': 'English', 'iso_639_1': 'en', 'name': 'English'}]",Released,Seven deadly sins. Seven ways to die.,Se7en
578,7000000,"['Horror', 'Thriller', 'Adventure']",https://www.uphe.com/movies/jaws,tt0073195,en,Jaws,"When the seaside community of Amity finds itself under attack by a dangerous great white shark, the town's chief of police, a young marine biologist, and a grizzled hunter embark on a desperate quest to destroy the beast before it strikes again.",318.472,/lxM6kqilAdpdhqUl2biYp5frUxE.jpg,"['Zanuck/Brown Productions', 'Universal Pictures']",['United States of America'],1975-06-20,124,"[{'english_name': 'English', 'iso_639_1': 'en', 'name': 'English'}]",Released,The terrifying motion picture from the terrifying No.1 best seller.,Jaws
635,17000000,"['Horror', 'Mystery']",http://alanparker.com/film/angel-heart/,tt0092563,en,Angel Heart,"Harry Angel, a down-and-out Brooklyn detective, is hired to track down a singer on an odyssey that will take him through the desperate streets of Harlem, the smoke-filled jazz clubs of New Orleans, and the swamps of Louisiana and its seedy underworld of voodoo.",309.513,/h5v3wjJQNB7q2RntEnKDLhKtTFE.jpg,"['Winkast Film Productions', 'Union', 'Carolco Pictures']","['Canada', 'United Kingdom', 'United States of America']",1987-03-06,113,"[{'english_name': 'English', 'iso_639_1': 'en', 'name': 'English'}, {'english_name': 'French', 'iso_639_1': 'fr', 'name': 'Français'}]",Released,It will scare you to your very soul.,Angel Heart
447200,125000000,"['Action', 'Thriller', 'Adventure']",https://www.skyscrapermovie.com,tt5758778,en,Skyscraper,"Framed and on the run, a former FBI agent must save his family from a blazing fire in the world's tallest building.",297.679,/52ml62vClzrlqvXZq2FEW6UF6c1.jpg,"['Flynn Picture Company', 'Legendary Pictures', 'Seven Bucks Productions', 'The Third Floor']",['United States of America'],2018-07-11,102,"[{'english_name': 'Cantonese', 'iso_639_1': 'cn', 'name': '广州话 / 廣州話'}, {'english_name': 'Mandarin', 'iso_639_1': 'zh', 'name': '普通话'}, {'english_name': 'English', 'iso_639_1': 'en', 'name': 'English'}]",Released,Don't look down,Skyscraper
235,8000000,"['Crime', 'Drama']",,tt0092005,en,Stand by Me,"After learning that a boy their age has been accidentally killed near their rural homes, four Oregon boys decide to go see the body. On the way, Gordie,  Vern, Chris and Teddy encounter a mean junk man and a marsh full of leeches, as they also learn more about one another and their very different home lives. Just a lark at first, the boys' adventure evolves into a defining event in their lives.",303.045,/vz0w9BSehcqjDcJOjRaCk7fgJe7.jpg,"['Columbia Pictures', 'Act III Productions']",['United States of America'],1986-08-08,89,"[{'english_name': 'English', 'iso_639_1': 'en', 'name': 'English'}]",Released,"For some, it's the last real taste of innocence, and the first real taste of life.",Stand by Me
297802,160000000,"['Action', 'Adventure', 'Fantasy']",https://www.warnerbros.com/movies/aquaman,tt1477834,en,Aquaman,"Half-human, half-Atlantean Arthur Curry is taken on the journey of his lifetime to discover if he is worth of being a king.",307.462,/zdw7Wf97vsQ0YnGomxDqfcEdUjX.jpg,"['Warner Bros. Pictures', 'The Safran Company', 'DC Films']",['United States of America'],2018-12-07,143,"[{'english_name': 'English', 'iso_639_1': 'en', 'name': 'English'}]",Released,Home is calling.,Aquaman
383498,110000000,"['Action', 'Comedy', 'Adventure']",https://www.20thcenturystudios.com/movies/deadpool-2,tt5463162,en,Deadpool 2,Wisecracking mercenary Deadpool battles the evil and powerful Cable and other bad guys to save a boy's life.,280.229,/to0spRl1CMDvyUbOnbb4fTk3VAd.jpg,"['Maximum Effort', 'Genre Films', '20th Century Fox', 'Marvel Entertainment']",['United States of America'],2018-05-10,120,"[{'english_name': 'Cantonese', 'iso_639_1': 'cn', 'name': '广州话 / 廣州話'}, {'english_name': 'English', 'iso_639_1': 'en', 'name': 'English'}, {'english_name': 'Russian', 'iso_639_1': 'ru', 'name': 'Pусский'}, {'english_name': 'Spanish', 'iso_639_1': 'es', 'name': 'Español'}]",Released,Prepare for the Second Coming.,Deadpool 2
620,30000000,"['Comedy', 'Fantasy']",http://www.ghostbusters.com/,tt0087332,en,Ghostbusters,"After losing their academic posts at a prestigious university, a team of parapsychologists goes into business as proton-pack-toting ""ghostbusters"" who exterminate ghouls, hobgoblins and supernatural pests of all stripes. An ad campaign pays off when a knockout cellist hires the squad to purge her swanky digs of demons that appear to be living in her refrigerator.",283.615,/7E8nLijS9AwwUEPu2oFYOVKhdFA.jpg,"['Columbia Pictures', 'Delphi Films', 'Black Rhino Productions']",['United States of America'],1984-06-08,107,"[{'english_name': 'English', 'iso_639_1': 'en', 'name': 'English'}]",Released,They're here to save the world.,Ghostbusters
287947,80000000,"['Action', 'Comedy', 'Fantasy']",http://www.shazammovie.com,tt0448115,en,Shazam!,A boy is given the ability to become an adult superhero in times of need with a single magic word.,279.696,/xnopI5Xtky18MPhK40cZAGAOVeV.jpg,"['New Line Cinema', 'The Safran Company', 'Seven Bucks Productions', 'DC Films']",['United States of America'],2019-03-29,132,"[{'english_name': 'English', 'iso_639_1': 'en', 'name': 'English'}]",Released,Just say the word.,Shazam!
621,6000000,"['Romance', 'Comedy']",,tt0077631,en,Grease,"Australian good girl Sandy and greaser Danny fell in love over the summer. But when they unexpectedly discover they're now in the same high school, will they be able to rekindle their romance despite their eccentric friends?",270.744,/czVhhAaSBFpakur7U8pOIDV9NUG.jpg,"['Paramount', 'Robert Stigwood Organization', 'Fine Arts Films']","['United Kingdom', 'United States of America']",1978-07-07,110,"[{'english_name': 'English', 'iso_639_1': 'en', 'name': 'English'}]",Released,Grease is the word.,Grease
198184,49000000,"['Crime', 'Action', 'Science Fiction']",http://www.chappie-movie.com,tt1823672,en,Chappie,"Every child comes into the world full of promise, and none more so than Chappie: he is gifted, special, a prodigy. Like any child, Chappie will come under the influence of his surroundings—some good, some bad—and he will rely on his heart and soul to find his way in the world and become his own man. But there's one thing that makes Chappie different from any one else: he is a robot.",300.896,/hpnuXlKKWznTgbheGe4iQXzkuwJ.jpg,"['Columbia Pictures', 'MRC', 'LStar Capital', 'Genre Films']",['United States of America'],2015-03-04,120,"[{'english_name': 'English', 'iso_639_1': 'en', 'name': 'English'}]",Released,I am consciousness. I am alive. I am Chappie.,Chappie
439079,22000000,['Horror'],http://www.thenunmovie.com/,tt5814060,en,The Nun,A priest with a haunted past and a novice on the threshold of her final vows are sent by the Vatican to investigate the death of a young nun in Romania and confront a malevolent force in the form of a demonic nun.,274.029,/sFC1ElvoKGdHJIWRpNB3xWJ9lJA.jpg,"['New Line Cinema', 'Atomic Monster', 'The Safran Company']",['United States of America'],2018-09-05,96,"[{'english_name': 'Mandarin', 'iso_639_1': 'zh', 'name': '普通话'}, {'english_name': 'French', 'iso_639_1': 'fr', 'name': 'Français'}, {'english_name': 'English', 'iso_639_1': 'en', 'name': 'English'}, {'english_name': 'Latin', 'iso_639_1': 'la', 'name': 'Latin'}, {'english_name': 'Romanian', 'iso_639_1': 'ro', 'name': 'Română'}]",Released,Pray For Forgiveness,The Nun
474350,79000000,['Horror'],http://www.it-movie.net/,tt7349950,en,It Chapter Two,"27 years after overcoming the malevolent supernatural entity Pennywise, the former members of the Losers' Club, who have grown up and moved away from Derry, are brought back together by a devastating phone call.",265.829,/zfE0R94v1E8cuKAerbskfD3VfUt.jpg,"['New Line Cinema', 'Vertigo Entertainment', 'Double Dream', 'Rideback']",['United States of America'],2019-09-04,169,"[{'english_name': 'English', 'iso_639_1': 'en', 'name': 'English'}]",Released,It ends,It Chapter Two
948,325000,"['Horror', 'Thriller']",http://www.theofficialjohncarpenter.com/halloween/,tt0077651,en,Halloween,"Fifteen years after murdering his sister on Halloween Night 1963, Michael Myers escapes from a mental hospital and returns to the small town of Haddonfield, Illinois to kill again.",271.732,/wijlZ3HaYMvlDTPqJoTCWKFkCPU.jpg,"['Compass International Pictures', 'Falcon International Productions']",['United States of America'],1978-10-24,91,"[{'english_name': 'English', 'iso_639_1': 'en', 'name': 'English'}]",Released,The Night He Came Home!,Halloween
480530,50000000,"['Drama', 'Action']",https://www.mgm.com/movies/creed-ii,tt6343314,en,Creed II,"Between personal obligations and training for his next big fight against an opponent with ties to his family's past, Adonis Creed is up against the challenge of his life.",270.836,/v3QyboWRoA4O9RbcsqH8tJMe8EB.jpg,"['Metro-Goldwyn-Mayer', 'New Line Cinema', 'Chartoff-Winkler Productions']",['United States of America'],2018-11-21,130,"[{'english_name': 'English', 'iso_639_1': 'en', 'name': 'English'}, {'english_name': 'Russian', 'iso_639_1': 'ru', 'name': 'Pусский'}]",Released,There's more to lose than a title.,Creed II
765,3500000,"['Horror', 'Comedy', 'Fantasy']",,tt0092991,en,Evil Dead II,"Ash Williams and his girlfriend Linda find a log cabin in the woods with a voice recording from an archeologist who had recorded himself reciting ancient chants from ""The Book of the Dead."" As they play the recording an evil power is unleashed taking over Linda's body.",253.56,/4zqCKJVHUolGs6C5AZwAZqLWixW.jpg,"['Rosebud Releasing Corporation', 'Renaissance Pictures', 'Dino De Laurentiis Company']",['United States of America'],1987-03-13,84,"[{'english_name': 'English', 'iso_639_1': 'en', 'name': 'English'}]",Released,Kiss your nerves goodbye!,Evil Dead II
550,63000000,['Drama'],http://www.foxmovies.com/movies/fight-club,tt0137523,en,Fight Club,"A ticking-time-bomb insomniac and a slippery soap salesman channel primal male aggression into a shocking new form of therapy. Their concept catches on, with underground ""fight clubs"" forming in every town, until an eccentric gets in the way and ignites an out-of-control spiral toward oblivion.",245.863,/pB8BM7pdSp6B6Ih7QZ4DrQ3PmJK.jpg,"['Fox 2000 Pictures', 'Regency Enterprises', 'The Linson Company', '20th Century Fox', 'Taurus Film']","['Germany', 'United States of America']",1999-10-15,139,"[{'english_name': 'English', 'iso_639_1': 'en', 'name': 'English'}]",Released,Mischief. Mayhem. Soap.,Fight Club
301337,68000000,"['Drama', 'Science Fiction']",,tt1389072,en,Downsizing,A kindly occupational therapist undergoes a new procedure to be shrunken to four inches tall so that he and his wife can help save the planet and afford a nice lifestyle at the same time.,268.538,/5bNzInSSAXfr0MFlHfb4IoQePVx.jpg,"['Paramount', 'Ad Hominem Enterprises', 'Gran Via Productions']",['United States of America'],2017-12-22,135,"[{'english_name': 'Norwegian', 'iso_639_1': 'no', 'name': 'Norsk'}, {'english_name': 'English', 'iso_639_1': 'en', 'name': 'English'}, {'english_name': 'Spanish', 'iso_639_1': 'es', 'name': 'Español'}, {'english_name': 'Vietnamese', 'iso_639_1': 'vi', 'name': 'Tiếng Việt'}, {'english_name': 'Icelandic', 'iso_639_1': 'is', 'name': 'Íslenska'}]",Released,We are meant for something bigger.,Downsizing
419430,4500000,"['Mystery', 'Thriller', 'Horror']",http://www.getoutfilm.com/,tt5052448,en,Get Out,"Chris and his girlfriend Rose go upstate to visit her parents for the weekend. At first, Chris reads the family's overly accommodating behavior as nervous attempts to deal with their daughter's interracial relationship, but as the weekend progresses, a series of increasingly disturbing discoveries lead him to a truth that he never could have imagined.",257.635,/mE24wUCfjK8AoBBjaMjho7Rczr7.jpg,"['Monkeypaw Productions', 'Blumhouse Productions', 'QC Entertainment']",['United States of America'],2017-02-24,104,"[{'english_name': 'English', 'iso_639_1': 'en', 'name': 'English'}]",Released,"Just because you're invited, doesn't mean you're welcome.",Get Out
346364,79000000,['Horror'],http://itthemovie.com/,tt1396484,en,It,"In a small town in Maine, seven children known as The Losers Club come face to face with life problems, bullies and a monster that takes the shape of a clown called Pennywise.",239.918,/9E2y5Q7WlCVNEhP5GiVTjhEhx1o.jpg,"['New Line Cinema', 'Vertigo Entertainment', 'Lin Pictures', 'KatzSmith Productions']",['United States of America'],2017-09-06,135,"[{'english_name': 'English', 'iso_639_1': 'en', 'name': 'English'}]",Released,You’ll float too.,It
426563,42000000,"['Mystery', 'Adventure', 'Comedy', 'Crime']",https://www.holmesandwatson.movie/,tt1255919,en,Holmes & Watson,"Detective Sherlock Holmes and Dr. John Watson join forces to investigate a murder at Buckingham Palace. They soon learn that they have only four days to solve the case, or the queen will become the next victim.",255.549,/orEUlKndjV1rEcWqXbbjegjfv97.jpg,"['Columbia Pictures', 'Mimran Schur Pictures', 'Gary Sanchez Productions', 'Mosaic Media Group']",['United States of America'],2018-12-25,90,"[{'english_name': 'English', 'iso_639_1': 'en', 'name': 'English'}]",Released,They don't have a clue.,Holmes & Watson
420818,260000000,"['Adventure', 'Drama', 'Family', 'Animation']",https://movies.disney.com/the-lion-king-2019,tt6105098,en,The Lion King,"Simba idolizes his father, King Mufasa, and takes to heart his own royal destiny. But not everyone in the kingdom celebrates the new cub's arrival. Scar, Mufasa's brother—and former heir to the throne—has plans of his own. The battle for Pride Rock is ravaged with betrayal, tragedy and drama, ultimately resulting in Simba's exile. With help from a curious pair of newfound friends, Simba will have to figure out how to grow up and take back what is rightfully his.",221.103,/dzBtMocZuJbjLOXvrl4zGYigDzh.jpg,"['Walt Disney Pictures', 'Fairview Entertainment']",['United States of America'],2019-07-12,118,"[{'english_name': 'English', 'iso_639_1': 'en', 'name': 'English'}]",Released,The King has Returned.,The Lion King
376866,9000000,['Drama'],http://www.foxsearchlight.com/jackie/,tt1619029,en,Jackie,"An account of the days of First Lady, Jacqueline Kennedy, in the immediate aftermath of John F. Kennedy's assassination in 1963.",242.841,/nF9N33PfhizMEzbfxHoxXBo2vx9.jpg,"['LD Entertainment', 'Protozoa Pictures', 'Fabula', 'Why Not Productions', 'Wild Bunch', 'Endemol Shine North America', 'Bliss Media']","['Chile', 'China', 'France', 'United States of America']",2016-12-02,100,"[{'english_name': 'English', 'iso_639_1': 'en', 'name': 'English'}]",Released,,Jackie
345,65000000,"['Drama', 'Thriller', 'Mystery']",http://eyeswideshut.warnerbros.com/,tt0120663,en,Eyes Wide Shut,"After Dr. Bill Harford's wife, Alice, admits to having sexual fantasies about a man she met, Bill becomes obsessed with having a sexual encounter. He discovers an underground sexual group and attends one of their meetings -- and quickly discovers that he is in over his head.",224.752,/knEIz1eNGl5MQDbrEAVWA7iRqF9.jpg,"['Warner Bros. Pictures', 'Pole Star', 'Hobby Films', 'Stanley Kubrick Productions']","['United Kingdom', 'United States of America']",1999-07-16,159,"[{'english_name': 'English', 'iso_639_1': 'en', 'name': 'English'}, {'english_name': 'German', 'iso_639_1': 'de', 'name': 'Deutsch'}]",Released,,Eyes Wide Shut
19,1300000,"['Drama', 'Science Fiction']",,tt0017136,de,Metropolis,"In a futuristic city sharply divided between the rich and the poor, the son of the city's mastermind meets a prophet who predicts the coming of a savior to mediate their differences.",212.472,/pxbGZewX327IbTvrCVRJgcLJTSQ.jpg,['UFA'],['Germany'],1927-02-06,153,"[{'english_name': 'No Language', 'iso_639_1': 'xx', 'name': 'No Language'}]",Released,There can be no understanding between the hands and the brain unless the heart acts as mediator.,Metropolis
540901,20000000,"['Drama', 'Comedy', 'Crime']",https://www.hustlers.movie/,tt5503686,en,Hustlers,A crew of savvy former strip club employees band together to turn the tables on their Wall Street clients.,221.452,/zBhv8rsLOfpFW2M5b6wW78Uoojs.jpg,"['STXfilms', 'Gloria Sanchez Productions', 'Nuyorican Productions', 'Annapurna Pictures']",['United States of America'],2019-09-12,110,"[{'english_name': 'English', 'iso_639_1': 'en', 'name': 'English'}, {'english_name': 'Spanish', 'iso_639_1': 'es', 'name': 'Español'}, {'english_name': 'Russian', 'iso_639_1': 'ru', 'name': 'Pусский'}]",Released,Hustle or be hustled.,Hustlers
531309,6000000,"['Horror', 'Science Fiction', 'Thriller', 'Mystery']",https://www.brightburn.movie/,tt7752126,en,Brightburn,"What if a child from another world crash-landed on Earth, but instead of becoming a hero to mankind, he proved to be something far more sinister?",231.022,/sJWwkYc9ajwnPRSkqj8Aue5JbKz.jpg,"['Troll Court Entertainment', 'Screen Gems', 'Stage 6 Films', 'The H Collective']",['United States of America'],2019-05-09,91,"[{'english_name': 'English', 'iso_639_1': 'en', 'name': 'English'}]",Released,Evil has found its superhero,Brightburn
299534,356000000,"['Adventure', 'Science Fiction', 'Action']",https://www.marvel.com/movies/avengers-endgame,tt4154796,en,Avengers: Endgame,"After the devastating events of Avengers: Infinity War, the universe is in ruins due to the efforts of the Mad Titan, Thanos. With the help of remaining allies, the Avengers must assemble once more in order to undo Thanos' actions and restore order to the universe once and for all, no matter what consequences may be in store.",226.983,/or06FN3Dka5tukK1e9sl16pB3iy.jpg,['Marvel Studios'],['United States of America'],2019-04-24,181,"[{'english_name': 'English', 'iso_639_1': 'en', 'name': 'English'}, {'english_name': 'Japanese', 'iso_639_1': 'ja', 'name': '日本語'}, {'english_name': 'Xhosa', 'iso_639_1': 'xh', 'name': ''}]",Released,Avenge the fallen.,Avengers: Endgame
9003,1000000,"['Horror', 'Thriller', 'Fantasy']",,tt0093177,en,Hellraiser,"Hedonist Frank Cotton finds a mysterious puzzle box that summons the Cenobites, who open the doors to a dominion where pain and pleasure are indivisible.",205.817,/3Z0oPHyLnk3Vx6ZMC1MiVwIrKhO.jpg,"['New World Pictures', 'Cinemarque Entertainment', 'Film Futures', 'Rivdel Films', 'New World']","['United Kingdom', 'United States of America']",1987-09-11,94,"[{'english_name': 'English', 'iso_639_1': 'en', 'name': 'English'}]",Released,He'll tear your soul apart.,Hellraiser
473033,19000000,"['Drama', 'Thriller', 'Crime']",https://a24films.com/films/uncut-gems,tt5727208,en,Uncut Gems,"A charismatic New York City jeweler always on the lookout for the next big score makes a series of high-stakes bets that could lead to the windfall of a lifetime. Howard must perform a precarious high-wire act, balancing business, family, and encroaching adversaries on all sides in his relentless pursuit of the ultimate win.",223.685,/6XN1vxHc7kUSqNWtaQKN45J5x2v.jpg,"['A24', 'Elara Pictures', 'IAC Films', 'Sikelia Productions', 'Scott Rudin Productions']",['United States of America'],2019-08-30,136,"[{'english_name': 'English', 'iso_639_1': 'en', 'name': 'English'}]",Released,This is how I win.,Uncut Gems
398978,159000000,"['Crime', 'Drama', 'History']",https://www.theirishman-movie.com,tt1302006,en,The Irishman,"Pennsylvania, 1956. Frank Sheeran, a war veteran of Irish origin who works as a truck driver, accidentally meets mobster Russell Bufalino. Once Frank becomes his trusted man, Bufalino sends him to Chicago with the task of helping Jimmy Hoffa, a powerful union leader related to organized crime, with whom Frank will maintain a close friendship for nearly twenty years.",210.987,/mbm8k3GFhXS0ROd9AD1gqYbIFbM.jpg,"['Tribeca Productions', 'Sikelia Productions', 'Winkler Films']",['United States of America'],2019-11-01,209,"[{'english_name': 'English', 'iso_639_1': 'en', 'name': 'English'}, {'english_name': 'Italian', 'iso_639_1': 'it', 'name': 'Italiano'}, {'english_name': 'Latin', 'iso_639_1': 'la', 'name': 'Latin'}, {'english_name': 'Spanish', 'iso_639_1': 'es', 'name': 'Español'}]",Released,His story changed history,The Irishman
424783,135000000,"['Action', 'Adventure', 'Science Fiction']",https://www.paramountmovies.com/movies/bumblebee,tt4701182,en,Bumblebee,"On the run in the year 1987, Bumblebee finds refuge in a junkyard in a small Californian beach town. Charlie, on the cusp of turning 18 and trying to find her place in the world, discovers Bumblebee, battle-scarred and broken.  When Charlie revives him, she quickly learns this is no ordinary yellow VW bug.",216.939,/fw02ONlDhrYjTSZV8XO6hhU3ds3.jpg,"['Paramount', 'Allspark Pictures', 'Bay Films', 'di Bonaventura Pictures', 'DeSanto/Murphy Productions', 'Tencent Pictures']","['China', 'United States of America']",2018-12-15,113,"[{'english_name': 'English', 'iso_639_1': 'en', 'name': 'English'}]",Released,Every hero has a beginning.,Bumblebee
1124,40000000,"['Drama', 'Mystery', 'Science Fiction']",http://wwws.warnerbros.de/theprestige/,tt0482571,en,The Prestige,"A mysterious story of two magicians whose intense rivalry leads them on a life-long battle for supremacy -- full of obsession, deceit and jealousy with dangerous and deadly consequences.",200.292,/tRNlZbgNCNOpLpbPEz5L8G8A0JN.jpg,"['Warner Bros. Pictures', 'Touchstone Pictures', 'Newmarket Films', 'Syncopy']","['United Kingdom', 'United States of America']",2006-10-17,130,"[{'english_name': 'English', 'iso_639_1': 'en', 'name': 'English'}]",Released,Are You Watching Closely?,The Prestige
793,6000000,"['Crime', 'Drama', 'Mystery', 'Thriller']",,tt0090756,en,Blue Velvet,"Clean-cut Jeffrey Beaumont realizes his hometown is not so normal when he discovers a human ear in a field, the investigation soon catapulting him toward a disturbed nightclub singer and a drug-addicted sadist.",207.96,/7hlgzJXLgyECS1mk3LSN3E72l5N.jpg,['DEG'],['United States of America'],1986-09-19,120,"[{'english_name': 'English', 'iso_639_1': 'en', 'name': 'English'}]",Released,It's a strange world.,Blue Velvet
453405,140000000,"['Science Fiction', 'Action', 'Thriller']",http://skydance.com/film/gemini-man/,tt1025100,en,Gemini Man,"Henry Brogan is an elite 51-year-old assassin who's ready to call it quits after completing his 72nd job. His plans get turned upside down when he becomes the target of a mysterious operative who can seemingly predict his every move. To his horror, Brogan soon learns that the man who's trying to kill him is a younger, faster, cloned version of himself.",186.314,/uTALxjQU8e1lhmNjP9nnJ3t2pRU.jpg,"['Skydance Media', 'Jerry Bruckheimer Films', 'Alibaba Pictures Group', 'Fosun Pictures', 'Paramount', 'Gobierno de Colombia', 'Hungarian National Film Fund']","['China', 'Colombia', 'Hungary', 'United States of America']",2019-10-02,117,"[{'english_name': 'English', 'iso_639_1': 'en', 'name': 'English'}]",Released,Who will save you from yourself?,Gemini Man
297761,175000000,"['Action', 'Adventure', 'Fantasy']",http://www.suicidesquad.com/,tt1386697,en,Suicide Squad,"From DC Comics comes the Suicide Squad, an antihero team of incarcerated supervillains who act as deniable assets for the United States government, undertaking high-risk black ops missions in exchange for commuted prison sentences.",195.995,/xFw9RXKZDvevAGocgBK0zteto4U.jpg,"['Warner Bros. Pictures', 'RatPac Entertainment', 'DC Films', 'Atlas Entertainment']",['United States of America'],2016-08-03,122,"[{'english_name': 'English', 'iso_639_1': 'en', 'name': 'English'}, {'english_name': 'Japanese', 'iso_639_1': 'ja', 'name': '日本語'}, {'english_name': 'Spanish', 'iso_639_1': 'es', 'name': 'Español'}]",Released,Worst. Heroes. Ever.,Suicide Squad
301528,175000000,"['Family', 'Adventure', 'Animation', 'Comedy', 'Fantasy']",https://www.pixar.com/feature-films-toy-story-4,tt1979376,en,Toy Story 4,"Woody has always been confident about his place in the world and that his priority is taking care of his kid, whether that's Andy or Bonnie. But when Bonnie adds a reluctant new toy called ""Forky"" to her room, a road trip adventure alongside old and new friends will show Woody how big the world can be for a toy.",185.206,/w9kR8qbmQ01HwnvK4alvnQ2ca0L.jpg,"['Walt Disney Pictures', 'Pixar']",['United States of America'],2019-06-19,100,"[{'english_name': 'English', 'iso_639_1': 'en', 'name': 'English'}]",Released,Get Ready to Hit the Road,Toy Story 4
401898,5700000,"['Drama', 'Mystery', 'Thriller']",,tt6304046,no,Thelma,A college student starts to experience extreme seizures. She soon learns that the violent episodes are a symptom of inexplicable abilities.,184.119,/yzSfG8TLAqw7nMQh2lxirQkQpgs.jpg,"['Motlys', 'Film i Väst', 'Le Pacte', 'Filmpool Nord', 'Snowglobe', 'B-Reel Films', ""Don't Look Now"", 'Copenhagen Film Fund', 'Memento Films International']","['Denmark', 'France', 'Norway', 'Sweden']",2017-09-15,116,"[{'english_name': 'Norwegian', 'iso_639_1': 'no', 'name': 'Norsk'}, {'english_name': 'Swedish', 'iso_639_1': 'sv', 'name': 'svenska'}]",Released,,Thelma
619264,1203235,"['Drama', 'Science Fiction', 'Thriller']",http://www.elhoyolapelicula.com/index.php/en,tt8228288,es,El hoyo,"A mysterious place, an indescribable prison, a deep hole. An unknown number of levels. Two inmates living on each level. A descending platform containing food for all of them. An inhuman fight for survival, but also an opportunity for solidarity.",168.667,/8ZX18L5m6rH5viSYpRnTSbb9eXh.jpg,"['Basque Films', 'Mr. Miyagi', 'EiTB', 'TVE']",['Spain'],2019-11-08,95,"[{'english_name': 'Spanish', 'iso_639_1': 'es', 'name': 'Español'}]",Released,,The Platform
381284,25000000,"['Drama', 'History']",http://www.hiddenfigures.com,tt4846340,en,Hidden Figures,"The untold story of Katherine G. Johnson, Dorothy Vaughan and Mary Jackson – brilliant African-American women working at NASA and serving as the brains behind one of the greatest operations in history – the launch of astronaut John Glenn into orbit. The visionary trio crossed all gender and race lines to inspire generations to dream big.",128.62,/9lfz2W2uGjyow3am00rsPJ8iOyq.jpg,"['Fox 2000 Pictures', 'Levantine Films', 'Chernin Entertainment']",['United States of America'],2016-12-10,127,"[{'english_name': 'English', 'iso_639_1': 'en', 'name': 'English'}]",Released,"Meet the women you don't know, behind the mission you do.",Hidden Figures
274870,110000000,"['Drama', 'Romance', 'Science Fiction']",http://www.passengersmovie.com/,tt1355644,en,Passengers,"A spacecraft traveling to a distant colony planet and transporting thousands of people has a malfunction in its sleep chambers. As a result, two passengers are awakened 90 years early.",188.812,/oZpdONg32luHu0g8HcysuPgSlIK.jpg,"['Wanda Pictures', 'Columbia Pictures', 'Village Roadshow Pictures', 'Original Film', 'Company Films', 'Start Motion Pictures', 'LStar Capital']",['United States of America'],2016-12-21,116,"[{'english_name': 'English', 'iso_639_1': 'en', 'name': 'English'}]",Released,There is a reason they woke up.,Passengers
87101,155000000,"['Science Fiction', 'Action', 'Thriller', 'Adventure']",https://www.paramount.com/movies/terminator-genisys,tt1340138,en,Terminator Genisys,"The year is 2029. John Connor, leader of the resistance continues the war against the machines. At the Los Angeles offensive, John's fears of the unknown future begin to emerge when TECOM spies reveal a new plot by SkyNet that will attack him from both fronts; past and future, and will ultimately change warfare forever.",272.017,/oZRVDpNtmHk8M1VYy1aeOWUXgbC.jpg,"['Paramount', 'Skydance Media', 'Annapurna Pictures']","['Canada', 'United States of America']",2015-06-23,126,"[{'english_name': 'English', 'iso_639_1': 'en', 'name': 'English'}]",Released,Reset the future,Terminator Genisys
567609,6000000,"['Comedy', 'Horror', 'Thriller']",http://www.foxsearchlight.com/readyornot/,tt7798634,en,Ready or Not,"When a young bride marries into a ridiculously rich and delightfully deranged family, her wedding night becomes her worst nightmare as she's forced to play a lethal game of hide-and-seek and must fight to stay alive.",176.529,/vOl6shtL0wknjaIs6JdKCpcHvg8.jpg,"['Mythology Entertainment', 'Vinson Films', 'Fox Searchlight Pictures', 'Radio Silence']",['United States of America'],2019-08-21,95,"[{'english_name': 'English', 'iso_639_1': 'en', 'name': 'English'}]",Released,A killer game of hide and seek.,Ready or Not
505600,6000000,['Comedy'],https://annapurna.pictures/film/booksmart/,tt1489887,en,Booksmart,"Two academic teenage superstars realize, on the eve of their high school graduation, that they should have worked less and played more. Determined to never fall short of their peers, the girls set out on a mission to cram four years of fun into one night.",163.946,/micaVOa1UZsdzs4fKGA67ZMGOzc.jpg,"['Annapurna Pictures', 'Gloria Sanchez Productions']",['United States of America'],2019-05-24,102,"[{'english_name': 'English', 'iso_639_1': 'en', 'name': 'English'}, {'english_name': 'Mandarin', 'iso_639_1': 'zh', 'name': '普通话'}, {'english_name': 'Spanish', 'iso_639_1': 'es', 'name': 'Español'}]",Released,Getting straight A's. Giving zero F's.,Booksmart
424694,52000000,"['Music', 'Drama']",http://bohemianrhapsody.com,tt1727824,en,Bohemian Rhapsody,"Singer Freddie Mercury, guitarist Brian May, drummer Roger Taylor and bass guitarist John Deacon take the music world by storm when they form the rock 'n' roll band Queen in 1970. Hit songs become instant classics. When Mercury's increasingly wild lifestyle starts to spiral out of control, Queen soon faces its greatest challenge yet – finding a way to keep the band together amid the success and excess.",162.133,/lHu1wtNaczFPGFDTrjCSzeLPTKN.jpg,"['20th Century Fox', 'Regency Enterprises', 'GK Films', 'TSG Entertainment']","['United Kingdom', 'United States of America']",2018-10-24,135,"[{'english_name': 'English', 'iso_639_1': 'en', 'name': 'English'}]",Released,Fearless lives forever,Bohemian Rhapsody
500475,16000000,"['Action', 'Crime']",http://www.superfly.movie,tt7690670,en,SuperFly,"Career criminal Youngblood Priest wants out of the Atlanta drug scene, but as he ramps up sales, one little slip up threatens to bring the whole operation down before he can make his exit.",165.441,/gGk9H5PVpWzbsYkmnBeKevQkwwf.jpg,"['Columbia Pictures', 'Silver Pictures', 'Sony Pictures']",['United States of America'],2018-06-13,107,"[{'english_name': 'English', 'iso_639_1': 'en', 'name': 'English'}, {'english_name': 'Spanish', 'iso_639_1': 'es', 'name': 'Español'}]",Released,Redefine the hussle,SuperFly
420817,183000000,"['Adventure', 'Fantasy', 'Romance', 'Family']",https://movies.disney.com/aladdin-2019,tt6139732,en,Aladdin,A kindhearted street urchin named Aladdin embarks on a magical adventure after finding a lamp that releases a wisecracking genie while a power-hungry Grand Vizier vies for the same lamp that has the power to make their deepest wishes come true.,160.691,/ykUEbfpkf8d0w49pHh0AD2KrT52.jpg,"['Walt Disney Pictures', 'Rideback']",['United States of America'],2019-05-22,127,"[{'english_name': 'English', 'iso_639_1': 'en', 'name': 'English'}]",Released,Choose Wisely.,Aladdin
437557,21000000,['Comedy'],https://www.uphe.com/movies/blockers,tt2531344,en,Blockers,"When three parents discover that each of their daughters have a pact to lose their virginity at prom, they launch a covert one-night operation to stop the teens from sealing the deal.",190.562,/uvlUQXg0AlpGzKukO11K7QtW3Yu.jpg,"['Hurwitz & Schlossberg Productions', 'Good Universe', 'DMG Entertainment', 'Point Grey Pictures', 'Universal Pictures', 'dentsu']","['China', 'Japan', 'United States of America']",2018-03-14,102,"[{'english_name': 'English', 'iso_639_1': 'en', 'name': 'English'}]",Released,Teens out to have fun. Parents out to stop it.,Blockers
549053,30000000,"['Comedy', 'Romance']",,tt8623904,en,Last Christmas,"Kate is a young woman who has a habit of making bad decisions, and her last date with disaster occurs after she accepts work as Santa's elf for a department store. However, after she meets Tom there, her life takes a new turn.",164.369,/kDEjffiKgjuGo2DRzsqfjvW0CQh.jpg,"['Universal Pictures', 'Feigco Entertainment']","['United Kingdom', 'United States of America']",2019-11-07,102,"[{'english_name': 'Croatian', 'iso_639_1': 'hr', 'name': 'Hrvatski'}, {'english_name': 'Mandarin', 'iso_639_1': 'zh', 'name': '普通话'}, {'english_name': 'French', 'iso_639_1': 'fr', 'name': 'Français'}, {'english_name': 'English', 'iso_639_1': 'en', 'name': 'English'}]",Released,Who doesn't have a little Christmas baggage?,Last Christmas
157433,21000000,"['Horror', 'Thriller']",http://petsematarymovie.com,tt0837563,en,Pet Sematary,"Dr. Louis Creed and his wife, Rachel, move from Boston to Ludlow, in rural Maine, with their two young children. Hidden in the woods near the new family home, Ellie, their eldest daughter, discovers a mysterious cemetery where the pets of community members are buried.",162.88,/7SPhr7Qj39vbnfF9O2qHRYaKHAL.jpg,['di Bonaventura Pictures'],['United States of America'],2019-04-04,100,"[{'english_name': 'English', 'iso_639_1': 'en', 'name': 'English'}]",Released,Sometimes dead is better.,Pet Sematary
414,100000000,"['Action', 'Crime', 'Fantasy']",,tt0112462,en,Batman Forever,Batman must battle a disfigured district attorney and a disgruntled former employee with help from an amorous psychologist and a young circus acrobat.,170.209,/mzzNBVwTiiY94xAXDMWJpNPW2US.jpg,"['Warner Bros. Pictures', 'Tim Burton Productions', 'Polygram Pictures']",['United States of America'],1995-06-16,121,"[{'english_name': 'English', 'iso_639_1': 'en', 'name': 'English'}]",Released,"Courage now, truth always, Batman forever!",Batman Forever
504608,40000000,"['Music', 'Drama']",https://www.paramount.com/movies/Rocketman/,tt2066051,en,Rocketman,"The story of Elton John's life, from his years as a prodigy at the Royal Academy of Music through his influential and enduring musical partnership with Bernie Taupin.",157.501,/f4FF18ia7yTvHf2izNrHqBmgH8U.jpg,"['Paramount', 'New Republic Pictures', 'Marv', 'Rocket Pictures', 'Lawrence Bender Productions']","['United Kingdom', 'United States of America']",2019-05-17,121,"[{'english_name': 'English', 'iso_639_1': 'en', 'name': 'English'}]",Released,Based on a true fantasy,Rocketman
415,125000000,"['Action', 'Science Fiction', 'Adventure']",,tt0118688,en,Batman & Robin,Batman and Robin deal with relationship issues while preventing Mr. Freeze and Poison Ivy from attacking Gotham City.,152.563,/cGRDufDDSrFrv7VI4YnmWnslne0.jpg,"['Warner Bros. Pictures', 'Polygram Pictures']",['United States of America'],1997-06-20,125,"[{'english_name': 'English', 'iso_639_1': 'en', 'name': 'English'}]",Released,"Strength Now. Courage Always. Family, Above All. Batman and Robin!",Batman & Robin
346910,88000000,"['Science Fiction', 'Action', 'Adventure']",https://www.foxmovies.com/movies/the-predator,tt3829266,en,The Predator,"When a young boy accidentally triggers the universe's most lethal hunters' return to Earth, only a ragtag crew of ex-soldiers and a disgruntled scientist can prevent the end of the human race.",137.786,/a3eWGF6YPF7No5Rbtjc8QpDvz7l.jpg,"['Davis Entertainment', 'TSG Entertainment', '20th Century Fox', 'Canada Film Capital']","['Canada', 'United States of America']",2018-09-05,107,"[{'english_name': 'English', 'iso_639_1': 'en', 'name': 'English'}]",Released,The hunt has evolved.,The Predator
384521,45000000,"['Horror', 'Science Fiction', 'Action']",https://www.netflix.com/title/80134431,tt2548396,en,The Cloverfield Paradox,"Orbiting above a planet on the brink of war, scientists test a device to solve an energy crisis and end up face-to-face with a dark alternate reality.",137.463,/vJi2ExTcWdJR3150VPKqqtdGxsT.jpg,"['Paramount', 'Bad Robot']",['United States of America'],2018-02-04,102,"[{'english_name': 'English', 'iso_639_1': 'en', 'name': 'English'}]",Released,The future unleashed every thing.,The Cloverfield Paradox
345887,62000000,"['Action', 'Thriller', 'Crime']",https://www.sonypictures.com/movies/theequalizer2,tt3766354,en,The Equalizer 2,"Robert McCall, who serves an unflinching justice for the exploited and oppressed, embarks on a relentless, globe-trotting quest for vengeance when his former partner is murdered.",148.148,/cQvc9N6JiMVKqol3wcYrGshsIdZ.jpg,"['Lonetree Entertainment', 'Fuqua Films', 'Escape Artists', 'Sony Pictures', 'ZHIV Productions', 'Mace Neufeld Productions', 'Columbia Pictures']",['United States of America'],2018-07-19,121,"[{'english_name': 'Arabic', 'iso_639_1': 'ar', 'name': 'العربية'}, {'english_name': 'English', 'iso_639_1': 'en', 'name': 'English'}, {'english_name': 'French', 'iso_639_1': 'fr', 'name': 'Français'}, {'english_name': 'Hebrew', 'iso_639_1': 'he', 'name': 'עִבְרִית'}, {'english_name': 'Spanish', 'iso_639_1': 'es', 'name': 'Español'}, {'english_name': 'Turkish', 'iso_639_1': 'tr', 'name': 'Türkçe'}]",Released,There is no equal.,The Equalizer 2
455207,30000000,"['Comedy', 'Romance']",http://crazyrichasiansmovie.com,tt3104988,en,Crazy Rich Asians,"An American-born Chinese economics professor accompanies her boyfriend to Singapore for his best friend's wedding, only to get thrust into the lives of Asia's rich and famous.",144.759,/1XxL4LJ5WHdrcYcihEZUCgNCpAW.jpg,"['Color Force', 'Ivanhoe Pictures', 'Warner Bros. Pictures']",['United States of America'],2018-08-15,121,"[{'english_name': 'Cantonese', 'iso_639_1': 'cn', 'name': '广州话 / 廣州話'}, {'english_name': 'Mandarin', 'iso_639_1': 'zh', 'name': '普通话'}, {'english_name': 'English', 'iso_639_1': 'en', 'name': 'English'}]",Released,The only thing crazier than love is family.,Crazy Rich Asians
353081,178000000,"['Action', 'Adventure']",,tt4912910,en,Mission: Impossible - Fallout,"When an IMF mission ends badly, the world is faced with dire consequences. As Ethan Hunt takes it upon himself to fulfill his original briefing, the CIA begin to question his loyalty and his motives. The IMF team find themselves in a race against time, hunted by assassins while trying to prevent a global catastrophe.",126.238,/AkJQpZp9WoNdj7pLYSj1L0RcMMN.jpg,"['Paramount', 'Bad Robot', 'Skydance Media', 'TC Productions']",['United States of America'],2018-07-13,147,"[{'english_name': 'English', 'iso_639_1': 'en', 'name': 'English'}, {'english_name': 'French', 'iso_639_1': 'fr', 'name': 'Français'}]",Released,Some missions are not a choice.,Mission: Impossible - Fallout
152601,23000000,"['Romance', 'Science Fiction', 'Drama']",http://www.herthemovie.com/,tt1798709,en,Her,"In the not so distant future, Theodore, a lonely writer, purchases a newly developed operating system designed to meet the user's every need. To Theodore's surprise, a romantic relationship develops between him and his operating system. This unconventional love story blends science fiction and romance in a sweet tale that explores the nature of love and the ways that technology isolates and connects us all.",150.436,/lEIaL12hSkqqe83kgADkbUqEnvk.jpg,['Annapurna Pictures'],['United States of America'],2013-12-18,126,"[{'english_name': 'English', 'iso_639_1': 'en', 'name': 'English'}]",Released,A Spike Jonze love story.,Her
509,42000000,"['Romance', 'Comedy']",http://www.notting-hill.com/,tt0125439,en,Notting Hill,"William Thacker is a London bookstore owner whose humdrum existence is thrown into romantic turmoil when famous American actress Anna Scott appears in his shop. A chance encounter over spilled orange juice leads to a kiss that blossoms into a full-blown affair. As the average bloke and glamorous movie star draw closer and closer together, they struggle to reconcile their radically different lifestyles in the name of love.",141.31,/hHRIf2XHeQMbyRb3HUx19SF5Ujw.jpg,"['Notting Hill Pictures', 'Bookshop Productions', 'PolyGram Filmed Entertainment', 'Working Title Films', 'Universal Pictures']","['United Kingdom', 'United States of America']",1999-05-21,124,"[{'english_name': 'English', 'iso_639_1': 'en', 'name': 'English'}]",Released,Can the most famous film star in the world fall for the man on the street?,Notting Hill
384018,200000000,"['Action', 'Adventure', 'Comedy']",https://www.uphe.com/movies/fast-furious-presents-hobbs-shaw,tt6806448,en,Fast & Furious Presents: Hobbs & Shaw,"Ever since US Diplomatic Security Service Agent Hobbs and lawless outcast Shaw first faced off, they just have traded smack talk and body blows. But when cyber-genetically enhanced anarchist Brixton's ruthless actions threaten the future of humanity, they join forces to defeat him.",103.065,/qRyy2UmjC5ur9bDi3kpNNRCc5nc.jpg,"['Chris Morgan Productions', 'Seven Bucks Productions', 'Universal Pictures']",['United States of America'],2019-08-01,137,"[{'english_name': 'English', 'iso_639_1': 'en', 'name': 'English'}, {'english_name': 'Russian', 'iso_639_1': 'ru', 'name': 'Pусский'}, {'english_name': 'Samoan', 'iso_639_1': 'sm', 'name': ''}]",Released,Nothing is stronger than family.,Fast & Furious Presents: Hobbs & Shaw
296096,20000000,"['Drama', 'Romance']",http://www.mebeforeyoumovie.net,tt2674426,en,Me Before You,"A small town girl is caught between dead-end jobs. A high-profile, successful man becomes wheelchair bound following an accident. The man decides his life is not worth living until the girl is hired for six months to be his new caretaker. Worlds apart and trapped together by circumstance, the two get off to a rocky start. But the girl becomes determined to prove to the man that life is worth living and as they embark on a series of adventures together, each finds their world changing in ways neither of them could begin to imagine.",121.543,/Ia3dzj5LnCj1ZBdlVeJrbKJQxG.jpg,"['New Line Cinema', 'Sunswept Entertainment', 'Metro-Goldwyn-Mayer']",['United States of America'],2016-06-01,110,"[{'english_name': 'English', 'iso_639_1': 'en', 'name': 'English'}]",Released,Live boldly.,Me Before You
290859,185000000,"['Science Fiction', 'Action']",https://www.paramountmovies.com/movies/terminator-dark-fate,tt6450804,en,Terminator: Dark Fate,"Decades after Sarah Connor prevented Judgment Day, a lethal new Terminator is sent to eliminate the future leader of the resistance. In a fight to save mankind, battle-hardened Sarah Connor teams up with an unexpected ally and an enhanced super soldier to stop the deadliest Terminator yet.",126.58,/vqzNJRH4YyquRiWxCCOH0aXggHI.jpg,"['20th Century Fox', 'Skydance Media', 'Paramount', 'Tencent Pictures', 'TSG Entertainment', 'Lightstorm Entertainment']","['China', 'United States of America']",2019-10-23,128,"[{'english_name': 'English', 'iso_639_1': 'en', 'name': 'English'}, {'english_name': 'Spanish', 'iso_639_1': 'es', 'name': 'Español'}]",Released,Welcome to the day after judgement day,Terminator: Dark Fate
278,25000000,"['Drama', 'Crime']",,tt0111161,en,The Shawshank Redemption,"Imprisoned in the 1940s for the double murder of his wife and her lover, upstanding banker Andy Dufresne begins a new life at the Shawshank prison, where he puts his accounting skills to work for an amoral warden. During his long stretch in prison, Dufresne comes to be admired by the other inmates -- including an older prisoner named Red -- for his integrity and unquenchable sense of hope.",133.454,/9cqNxx0GxF0bflZmeSMuL5tnGzr.jpg,['Castle Rock Entertainment'],['United States of America'],1994-09-23,142,"[{'english_name': 'English', 'iso_639_1': 'en', 'name': 'English'}]",Released,Fear can hold you prisoner. Hope can set you free.,The Shawshank Redemption
484641,34000000,"['Thriller', 'Action']",https://anna.movie,tt7456310,fr,Anna,Beneath Anna Poliatova's striking beauty lies a secret that will unleash her indelible strength and skill to become one of the world's most feared government assassins.,129.219,/2U0oAVAE0lDRhNmJPPYhDW9kQ8t.jpg,"['EuropaCorp', 'TF1 Films Production', 'Summit Entertainment', 'Work in Progress', 'Fetish Film', 'Skyprod', 'Ondamax Films']","['France', 'Guadaloupe', 'Russia', 'Serbia', 'United States of America']",2019-06-19,119,"[{'english_name': 'Russian', 'iso_639_1': 'ru', 'name': 'Pусский'}, {'english_name': 'Dutch', 'iso_639_1': 'nl', 'name': 'Nederlands'}, {'english_name': 'Italian', 'iso_639_1': 'it', 'name': 'Italiano'}, {'english_name': 'English', 'iso_639_1': 'en', 'name': 'English'}]",Released,Never make the weapon the target,Anna
310307,15000000,"['Drama', 'History']",,tt4276820,en,The Founder,"The true story of how Ray Kroc, a salesman from Illinois, met Mac and Dick McDonald, who were running a burger operation in 1950s Southern California. Kroc was impressed by the brothers’ speedy system of making the food and saw franchise potential. He maneuvered himself into a position to be able to pull the company from the brothers and create a billion-dollar empire.",151.683,/8gLIksu5ggdfBL1UbeTeonHquxl.jpg,"['Speedie Distribution', 'FilmNation Entertainment', 'Faliro House Productions', 'The Combine', 'The Weinstein Company']","['Greece', 'United States of America']",2016-11-24,115,"[{'english_name': 'English', 'iso_639_1': 'en', 'name': 'English'}]",Released,Risk taker. Rule breaker. Game changer.,The Founder
456740,50000000,"['Fantasy', 'Horror', 'Action', 'Adventure']",https://hellboy.movie,tt2274648,en,Hellboy,"Hellboy comes to England, where he must defeat Nimue, Merlin's consort and the Blood Queen. But their battle will bring about the end of the world, a fate he desperately tries to turn away.",137.914,/bk8LyaMqUtaQ9hUShuvFznQYQKR.jpg,"['Campbell Grobman Films', 'Dark Horse Entertainment', 'Millennium Media', 'Summit Entertainment', 'Boyana Film Studios', 'Lawrence Gordon Productions', 'Davis Films', 'Lionsgate']","['Bulgaria', 'Canada', 'France', 'Portugal', 'United States of America']",2019-04-10,121,"[{'english_name': 'English', 'iso_639_1': 'en', 'name': 'English'}, {'english_name': 'German', 'iso_639_1': 'de', 'name': 'Deutsch'}, {'english_name': 'Russian', 'iso_639_1': 'ru', 'name': 'Pусский'}, {'english_name': 'Turkish', 'iso_639_1': 'tr', 'name': 'Türkçe'}]",Released,Demons have demons too,Hellboy
855,92000000,"['Action', 'War', 'History']",,tt0265086,en,Black Hawk Down,"When U.S. Rangers and an elite Delta Force team attempt to kidnap two underlings of a Somali warlord, their Black Hawk helicopters are shot down, and the Americans suffer heavy casualties, facing intense fighting from the militia on the ground.",126.953,/imGygQbmuc7gC1JZiAVhJLsUWXq.jpg,"['Jerry Bruckheimer Films', 'Revolution Studios', 'Scott Free Productions']","['United Kingdom', 'United States of America']",2001-12-28,145,"[{'english_name': 'English', 'iso_639_1': 'en', 'name': 'English'}, {'english_name': 'Somali', 'iso_639_1': 'so', 'name': 'Somali'}]",Released,Leave no man behind.,Black Hawk Down
4488,550000,['Horror'],,tt0080761,en,Friday the 13th,Camp counselors are stalked and murdered by an unknown assailant while trying to reopen a summer camp that was the site of a child's drowning.,133.199,/HzrPn1gEHWixfMOvOehOTlHROo.jpg,"['Georgetown Productions Inc.', 'Sean S. Cunningham Films', 'Paramount']",['United States of America'],1980-05-09,94,"[{'english_name': 'English', 'iso_639_1': 'en', 'name': 'English'}]",Released,"They were warned...They are doomed...And on Friday the 13th, nothing will save them.",Friday the 13th
926,45000000,"['Comedy', 'Science Fiction', 'Adventure']",,tt0177789,en,Galaxy Quest,"For four years, the courageous crew of the NSEA protector - ""Commander Peter Quincy Taggart"" (Tim Allen), ""Lt. Tawny Madison (Sigourney Weaver) and ""Dr.Lazarus"" (Alan Rickman) - set off on a thrilling and often dangerous mission in space...and then their series was cancelled! Now, twenty years later, aliens under attack have mistaken the Galaxy Quest television transmissions for ""historical documents"" and beam up the crew of has-been actors to save the universe. With no script, no director and no clue, the actors must turn in the performances of their lives.",119.587,/fZXSwgZknp81vmciTb86rw0MejV.jpg,"['DreamWorks Pictures', 'Gran Via Productions']",['United States of America'],1999-12-25,101,"[{'english_name': 'English', 'iso_639_1': 'en', 'name': 'English'}]",Released,A comedy of Galactic Proportions.,Galaxy Quest
672,100000000,"['Adventure', 'Fantasy']",https://www.warnerbros.com/movies/harry-potter-and-chamber-secrets/,tt0295297,en,Harry Potter and the Chamber of Secrets,"Cars fly, trees fight back, and a mysterious house-elf comes to warn Harry Potter at the start of his second year at Hogwarts. Adventure and danger await when bloody writing on a wall announces: The Chamber Of Secrets Has Been Opened. To save Hogwarts will require all of Harry, Ron and Hermione’s magical abilities and courage.",112.401,/sdEOH0992YZ0QSxgXNIGLq1ToUi.jpg,"['Warner Bros. Pictures', 'Heyday Films', '1492 Pictures']","['United Kingdom', 'United States of America']",2002-11-13,161,"[{'english_name': 'English', 'iso_639_1': 'en', 'name': 'English'}]",Released,Something evil has returned to Hogwarts!,Harry Potter and the Chamber of Secrets
399579,170000000,"['Action', 'Science Fiction', 'Adventure']",https://family.20thcenturystudios.com/movies/alita-battle-angel,tt0437086,en,Alita: Battle Angel,"When Alita awakens with no memory of who she is in a future world she does not recognize, she is taken in by Ido, a compassionate doctor who realizes that somewhere in this abandoned cyborg shell is the heart and soul of a young woman with an extraordinary past.",120.494,/xRWht48C2V8XNfzvPehyClOvDni.jpg,"['Troublemaker Studios', 'Lightstorm Entertainment', '20th Century Fox', 'TSG Entertainment']",['United States of America'],2019-01-31,122,"[{'english_name': 'English', 'iso_639_1': 'en', 'name': 'English'}, {'english_name': 'Spanish', 'iso_639_1': 'es', 'name': 'Español'}]",Released,An angel falls. A warrior rises.,Alita: Battle Angel
406761,15000000,"['Thriller', 'Science Fiction', 'Action']",http://hotelartemismovie.com/,tt5834262,en,Hotel Artemis,"Los Angeles, June 21st, 2028. While the streets are being torn apart by riots, the Nurse, who runs a clandestine hospital for criminals in the penthouse of the Artemis, a closed old hotel, has a rough night dealing with troublemaker clients: thieves, assassins, someone from the past and the one who owns the place and the whole city.",126.52,/gchhqclKEEwwAOzdILPWBO14ONB.jpg,"['The Ink Factory', 'Marc Platt Productions', 'Point of No Return', '127 Wall']","['United Kingdom', 'United States of America']",2018-06-07,94,"[{'english_name': 'Spanish', 'iso_639_1': 'es', 'name': 'Español'}, {'english_name': 'English', 'iso_639_1': 'en', 'name': 'English'}, {'english_name': 'French', 'iso_639_1': 'fr', 'name': 'Français'}]",Released,No guns. No cops. No killing the other patients.,Hotel Artemis
1368,15000000,"['Action', 'Adventure', 'Thriller', 'War']",https://www.lionsgate.com/movies/rambo-first-blood,tt0083944,en,First Blood,"When former Green Beret John Rambo is harassed by local law enforcement and arrested for vagrancy, he is forced to flee into the mountains and wage an escalating one-man war against his pursuers.",113.63,/a9sa6ERZCpplbPEO7OMWE763CLD.jpg,"['Carolco Pictures', 'Anabasis N.V.', 'Elcajo Productions', 'Cinema 84', 'Orion Pictures']",['United States of America'],1982-10-22,93,"[{'english_name': 'English', 'iso_639_1': 'en', 'name': 'English'}]",Released,This time he's fighting for his life.,First Blood
271110,250000000,"['Adventure', 'Action', 'Science Fiction']",https://www.marvel.com/movies/captain-america-civil-war,tt3498820,en,Captain America: Civil War,"Following the events of Age of Ultron, the collective governments of the world pass an act designed to regulate all superhuman activity. This polarizes opinion amongst the Avengers, causing two factions to side with Iron Man or Captain America, which causes an epic battle between former allies.",124.742,/rAGiXaUfPzY7CDEyNKUofk3Kw2e.jpg,['Marvel Studios'],['United States of America'],2016-04-27,147,"[{'english_name': 'Romanian', 'iso_639_1': 'ro', 'name': 'Română'}, {'english_name': 'English', 'iso_639_1': 'en', 'name': 'English'}, {'english_name': 'German', 'iso_639_1': 'de', 'name': 'Deutsch'}, {'english_name': 'Russian', 'iso_639_1': 'ru', 'name': 'Pусский'}]",Released,United we stand. Divided we fall.,Captain America: Civil War
442249,13000000,"['Horror', 'Action', 'Thriller']",https://www.thefirstpurge.com,tt6133466,en,The First Purge,"To push the crime rate below one percent for the rest of the year, the New Founding Fathers of America test a sociological theory that vents aggression for one night in one isolated community. But when the violence of oppressors meets the rage of the others, the contagion will explode from the trial-city borders and spread across the nation.",113.375,/litjsBoiydO6JlO70uOX4N3WnNL.jpg,"['Platinum Dunes', 'Blumhouse Productions', 'Universal Pictures']",['United States of America'],2018-07-04,97,"[{'english_name': 'English', 'iso_639_1': 'en', 'name': 'English'}]",Released,Witness the birth of an American tradition.,The First Purge
537915,14000000,"['Romance', 'Drama']",,tt4126476,en,After,"Tessa Young is a dedicated student, dutiful daughter and loyal girlfriend to her high school sweetheart. Entering her first semester of college, Tessa's guarded world opens up when she meets Hardin Scott, a mysterious and brooding rebel who makes her question all she thought she knew about herself -- and what she wants out of life.",127.749,/u3B2YKUjWABcxXZ6Nm9h10hLUbh.jpg,"['CalMaple Films', 'Wattpad', 'Offspring Entertainment', 'Diamond Film Productions', 'Voltage Pictures', 'Frayed Pages Entertainment']",['United States of America'],2019-04-11,106,"[{'english_name': 'English', 'iso_639_1': 'en', 'name': 'English'}]",Released,"After your first, life is never the same.",After
393519,3500000,"['Drama', 'Horror']",,tt4954522,fr,Grave,"In Justine’s family everyone is a vet and a vegetarian. At 16, she’s a gifted teen ready to take on her first year in vet school, where her older sister also studies. There, she gets no time to settle: hazing starts right away. Justine is forced to eat raw meat for the first time in her life. Unexpected consequences emerge as her true self begins to form.",123.093,/kc8jT1MAiKM0iwdjAwC5lQrTNry.jpg,"['Wild Bunch', 'Rouge International', 'BeTV', 'Frakas Productions', 'RTBF', 'Petit Film', 'VOO', 'Ezekiel Film Production']","['Belgium', 'France', 'United States of America']",2016-11-11,99,"[{'english_name': 'French', 'iso_639_1': 'fr', 'name': 'Français'}]",Released,What are you hungry for?,Raw
745,40000000,"['Mystery', 'Thriller', 'Drama']",,tt0167404,en,The Sixth Sense,"Following an unexpected tragedy, child psychologist Malcolm Crowe meets a nine year old boy named Cole Sear, who is hiding a dark secret.",114.94,/4AfSDjjCy6T5LA1TMz0Lh2HlpRh.jpg,"['Spyglass Entertainment', 'The Kennedy/Marshall Company', 'Hollywood Pictures', 'Barry Mendel Productions']",['United States of America'],1999-08-06,107,"[{'english_name': 'Latin', 'iso_639_1': 'la', 'name': 'Latin'}, {'english_name': 'Spanish', 'iso_639_1': 'es', 'name': 'Español'}, {'english_name': 'English', 'iso_639_1': 'en', 'name': 'English'}]",Released,Not every gift is a blessing.,The Sixth Sense
